<!DOCTYPE struts PUBLIC
    "-//Apache Software Foundation//DTD Struts Configuration 2.0//EN"
    "http://struts.apache.org/dtds/struts-2.0.dtd">

<struts>
	<constant name="struts.i18n.reload" value="true" />
	<package name="member" extends="struts-default" namespace="/member">
		<action name="register" class="action.RegisterAction" method="register">
			<result name="success">
				/advance.jsp
			</result>
		</action>
		
		
	</package>
	<package name="manager" extends="struts-default" namespace="/manager">
		<action name="login" class="maction.mLoginAction" method="login">
			<result name="success">
				/Manager/Managerhome.jsp
			</result>
			<result name="error">
				/managerlogin.jsp
			</result>
		</action>
		
		<action name="managerform" class="maction.ManagerFormAction" method="managerform">
			<result name="success">
				/Manager/Managerhome.jsp
			</result>
		</action>
		<action name="updatedata" class="maction.UpdateAction" method="updatedata">
			<result name="success">
				/Manager/Managerhome.jsp
			</result>
		</action>
		<action name="insertdata" class="maction.InserPapertAction" method="insertdata">
			<result name="success">
				/Manager/ManQuestionCreate.jsp
			</result>
		</action>
		<action name="finish" class="maction.FinishAction" method="finish">
			<result name="success">
				/Manager/Managerhome.jsp
			</result>
		</action>
		
		<action name="deletepro" class="maction.DeleteOnepro" method="deletepro">
			<result name="success">
				/Manager/Maconupdate.jsp
			</result>
		</action>
		
		<action name="deletepaper" class="maction.DeletePaperAction" method="deletepaper">
			<result name="success">
				/Manager/Managerhome.jsp
			</result>
		</action>
		
		<action name="createpro" class="maction.ManCreateProAction" method="createpro">
			<result name="success">
				/Manager/Maconupdate.jsp
			</result>
		</action>
		
		<action name="updatestatus" class="maction.UpdateStatusAction" method="updatestatus">
			<result name="success">
				/Manager/ReleaseRequest.jsp
			</result>
		</action>
	</package>
	
	<package name="message" extends="struts-default">
		
	</package>
	
	<package name="form" extends="struts-default" namespace="/web">
	<action name="execute" class="action.FormSubmitAction" method="execute">
	 	<result name="success">
			/index.jsp
		</result>
	</action>
	<action name="logincheck" class="action.LoginAction" method="logincheck">
		<result name="success" >
			/active.jsp
		</result>
		<result name="error">
			/advance.jsp
		</result>
	</action>
	
	<action name="insertdata" class="action.PersonalQuestionCreateAction" method="insertdata">
		<result name="success">
			/PersonalQuestionCreate.jsp
		</result>
	</action>
	
	<action name="updatedata" class="action.UpdateAction" method="updatedata">
		<result name="success">
			/content1update.jsp
		</result>
	</action>
	
	<action name="deletepro" class="action.DeleteOneProAction" method="deletepro">
		<result name="success">
			/content1update.jsp
		</result>
	</action>
	
	<action name="createpro" class="action.CreateProAction" method="createpro">
		<result name="success">
			/content1update.jsp
		</result>
	</action>
	
	<action name="deletepaper" class="action.DeletePaperAction" method="deletepaper">
		<result name="success">
			/logined.jsp
		</result>
	</action>
	
	<action name="finish" class="action.FinishAction" method="insertdata">
		<result name="success">
			/logined.jsp
		</result>
	</action>
	
	<action name="travelform" class="action.TravelFromAction" method="travelform">
		<result name="success">
			/logined.jsp
		</result>
	</action>
	
	<action name="memberform" class="action.MemberFormAction" method="memberform">
		<result name="success">
			/advance.jsp
		</result>
	</action>
	
	<action name="member2form" class="action.Member2formAction" method="memberform">
		<result name="success">
			/active.jsp
		</result>
	</action>
	

		
	</package>
</struts>