<?xml version="1.0" encoding="UTF-8"?>
<!DOCTYPE hibernate-reverse-engineering PUBLIC "-//Hibernate/Hibernate Reverse Engineering DTD 3.0//EN" "http://hibernate.sourceforge.net/hibernate-reverse-engineering-3.0.dtd" >

<hibernate-reverse-engineering>
	<table name="club_activity" catalog="schoolclub">
		<primary-key>
			<key-column name="act_id" type="java.lang.Integer" />
		</primary-key>
		<column name="act_club_id" type="java.lang.Integer"></column>
		<column name="act_audit" type="java.lang.Integer"></column>
		<column name="act_user_id" type="java.lang.Integer"></column>
	</table>
	<table name="club_message" catalog="schoolclub">
		<primary-key>
			<key-column name="msg_id" type="java.lang.Integer" />
		</primary-key>
		<column name="msg_user_id" type="java.lang.Integer"></column>
		<column name="msg_news_id" type="java.lang.Integer"></column>
	</table>
	<table name="club_news" catalog="schoolclub">
		<primary-key>
			<key-column name="news_id" type="java.lang.Integer" />
		</primary-key>
		<column name="news_club" type="java.lang.Integer"></column>
		<column name="news_audit" type="java.lang.Integer"></column>
	</table>
	<table name="club_picture" catalog="schoolclub">
		<primary-key>
			<key-column name="pic_id" type="java.lang.Integer" />
		</primary-key>
		<column name="pic_act_id" type="java.lang.Integer"></column>
		<column name="pic_news_id" type="java.lang.Integer"></column>
	</table>
	<table name="club_type" catalog="schoolclub">
		<primary-key>
			<key-column name="type_id" type="java.lang.Integer" />
		</primary-key>
	</table>
	<table name="club_user" catalog="schoolclub">
		<primary-key>
			<key-column name="user_id" type="java.lang.Integer" />
		</primary-key>
		<column name="user_age" type="java.lang.Integer"></column>
		<column name="user_club_id" type="java.lang.Integer"></column>
		<column name="user_type_id" type="java.lang.Integer"></column>
	</table>
	<table name="club" catalog="schoolclub">
		<primary-key>
			<key-column name="club_id" type="java.lang.Integer" />
		</primary-key>
		<column name="club_user_id" type="java.lang.Integer"></column>
		<column name="club_audit" type="java.lang.Integer"></column>
	</table>
</hibernate-reverse-engineering>