<?xml version="1.0" encoding="UTF-8"?>
<!DOCTYPE struts-config PUBLIC "-//Apache Software Foundation//DTD Struts Configuration 1.2//EN" "http://struts.apache.org/dtds/struts-config_1_2.dtd">

<struts-config>
	<data-sources />
	<form-beans>
		<form-bean name="modifyEmployeeForm" type="com.briup.web.form.ModifyEmployeeForm"></form-bean>
		<form-bean name="loginForm" type="com.briup.web.form.LoginForm" />
		
		<form-bean name="addEmployeeForm" type="com.briup.web.form.AddEmployeeForm" />
		
		<form-bean name="queryEmployeeForm" type="com.briup.web.form.QueryEmployeeForm" />
		<form-bean name="addZpForm" type="com.briup.web.form.AddZpForm" />
		<form-bean name="addTrainForm" type="com.briup.web.form.AddTrainForm" />
	    <form-bean name="queryTrainForm" type="com.briup.web.form.QueryTrainForm" />
		<form-bean name="addJcForm" type="com.briup.web.form.AddJcForm" />
		<form-bean name="uploadFileForm" type="com.briup.web.form.UploadFileForm" />
    	<form-bean name="addSalaryForm" type="com.briup.web.form.AddSalaryForm" />
    	<form-bean name="querySalaryForm" type="com.briup.web.form.QuerySalaryForm" />
    	<form-bean name="modifyPwdForm" type="com.briup.web.form.ModifyPwdForm" />
    	<form-bean name="modifySelfForm" type="com.briup.web.form.ModifySelfForm" />
	</form-beans>

	<global-exceptions />
	<global-forwards />
	
	<action-mappings>
		<action attribute="modifyEmployeeForm" 
				name="modifyEmployeeForm" 
				path="/jsp/member/modifyEmployee" 
				scope="request"
				type="com.briup.web.action.ModifyEmployeeAction">
			<forward name="return" path="/listEmployee"/>
		</action>
		
		<action attribute="loginForm" 
				name="loginForm"
				path="/jsp/pages/login" 
				scope="request"
				type="com.briup.web.action.LoginAction">
			<forward name="success" path="/jsp/frame/activity.jsp" redirect="true"/>
			<forward name="failure" path="/jsp/pages/login.jsp"/>
		</action>
		
		<action attribute="addEmployeeForm" 
				name="addEmployeeForm"
				path="/addEmployee" 
				scope="request"
				type="com.briup.web.action.AddEmployeeAction">
			<forward name="return" path="/jsp/member/addEmployee.jsp" redirect="true"/>
		</action>
		
		<action attribute="queryEmployeeForm" 
				name="queryEmployeeForm"
				path="/jsp/member/queryEmployee" 
				scope="request"
				type="com.briup.web.action.QueryEmployeeAction">
			<forward name="return" path="/jsp/member/glEmployee.jsp"/>
		</action>
		
		<action attribute="addZpForm" 
				name="addZpForm"
				path="/jsp/affair/addZp" 
				scope="request"
				type="com.briup.web.action.AddZpAction">
			<forward name="success" path="/listRecruit"/>
			<forward name="failure" path="/jsp/affair/fbZp.jsp"/>
		</action>
		
		<action attribute="addTrainForm"
			    name="addTrainForm"
			    path="/jsp/affair/addTrain"
			    scope="request"
			    type="com.briup.web.action.AddTrainAction">
      		<forward name="return" path="/jsp/affair/addTrain.jsp"/>
     	</action>
     
		<action attribute="queryTrainForm"
			    name="queryTrainForm"
			    path="/jsp/affair/queryTrain"
			    scope="request"
			    type="com.briup.web.action.QueryTrainAction">
			<forward name="return" path="/jsp/affair/queryTrain.jsp"/>
		</action>
     
		<action attribute="addJcForm"
				name="addJcForm"
				path="/jsp/affair/addJc"
				scope="request"
			    type="com.briup.web.action.AddJcAction">
			<forward name="return" path="/jsp/affair/addJc.jsp"/>
		</action>
     
		<action attribute="addSalaryForm"
			    name="addSalaryForm"
			    path="/jsp/affair/addSalary"
			    scope="request"
			    type="com.briup.web.action.AddSalaryAction">
		 	<forward name="return" path="/jsp/affair/addSalary.jsp"/>
		</action>
     
		<action attribute="querySalaryForm"
		  		name="querySalaryForm"
		  		path="/jsp/affair/querySalary"
		  		scope="request"
		  		type="com.briup.web.action.QuerySalaryAction">
		 	<forward name="return" path="/jsp/affair/Salary.jsp"/> 
		</action>
    
		<action path="/jsp/affair/uploadFile" 
				name="uploadFileForm"
				attribute="uploadFileForm"
		    	type="com.briup.web.action.UploadFileAction">
		 	<forward name="return" path="/jsp/affair/uploadFile.jsp"/>   
		</action>
		
		<action attribute="modifyPwdForm"
		  		name="modifyPwdForm"
		  		path="/jsp/pages/modifyPwd"
		  		scope="request"
		  		type="com.briup.web.action.ModifyPwdAction">
		  	<forward name="return" path="/jsp/pages/modifyPwd.jsp"/>
		</action>
     
	    <action attribute="modifySelfForm"
	      		name="modifySelfForm"
			    path="/jsp/member/modifySelf"
			    scope="request"
			    type="com.briup.web.action.ModifySelfAction">
	      	<forward name="return" path="/jsp/member/selfEmployee.jsp"/>
	     </action>
	     
	</action-mappings>

	<message-resources parameter="com.briup.web.ApplicationResources" />
	
</struts-config>

