<?xml version="1.0" encoding="UTF-8" ?>
<!DOCTYPE struts PUBLIC "-//Apache Software Foundation//DTD Struts Configuration 2.1//EN" "http://struts.apache.org/dtds/struts-2.1.dtd">

<struts>
	<constant name="struts.devMode" value="true" />
	<constant name="struts.ui.theme" value="simple" />
	<constant name="struts.i18n.encoding" value="UTF-8" />
	<package name="ajax" extends="json-default">
		<action name="doResponse" class="com.bbs.struts.action.DoResponse">
			<result type="json">
				<param name="result">result</param>
			</result>
		</action>
		<action name="doForumedit" class="com.bbs.struts.action.DoForumedit">
			<result type="json">result</result>
		</action>
		<action name="doDeleteForum" class="com.bbs.struts.action.DoDeleteForum">
			<result type="json">result</result>
		</action>
		<action name="doAddForum" class="com.bbs.struts.action.DoAddForum">
			<result type="json">result</result>
		</action>
		<action name="doDeleteTopic" class="com.bbs.struts.action.DoDeleteTopic">
			<result type="json">result</result>
		</action>
		<action name="doDeleteReponse" class="com.bbs.struts.action.DoDeleteReponse">
			<result type="json">result</result>
		</action>
			<action name="doAlteruser" class="com.bbs.struts.action.DoAlteruser">
			<result type="json">result</result>
		</action>
		
	</package>
	
	<package name="default" extends="struts-default" namespace="/">
	 <interceptors>
	 <interceptor name="adminloginInterceptor" class="com.bbs.struts.interceptor.AdminInterceptor">
      </interceptor>
      </interceptors>
		<action name="dologin" class="com.bbs.struts.action.DoLogin">
			<result name="success">index.jsp</result>
			<result name="error">index.jsp</result>
		</action>
		<action name="doregist" class="com.bbs.struts.action.Doregist">
			<result name="success">index.jsp</result>
		</action>
		<action name="docheckuser" class="com.bbs.struts.action.DoCheckuser">
			<result name="success">register.jsp</result>
			<result name="error">register.jsp</result>
		</action>
		<action name="dologinoff" class="com.bbs.struts.action.Dologinoff">
			<result name="success" type="redirect">index.jsp</result>
		</action>
		<action name="dotopicList" class="com.bbs.struts.action.DotopicList">
			<result>topicList.jsp</result>
		</action>
		<action name="doResponselist" class="com.bbs.struts.action.DoResponselist">
			<result>responselist.jsp</result>
		</action>
		<action name="doNewtopic" class="com.bbs.struts.action.DoNewtopic">
			<param name="page">0</param>
			<param name="iflogin">1</param>
			<result type="chain">dotopicList</result>
			<result name="error">newtopic.jsp
		   </result>
		</action>
		<action name="adminlogin" class="com.bbs.struts.action.Doadminlogin">
			<result>doMain</result>
			<result  name="error">adminlogin.jsp</result>
		</action>
		
		<action name="doMain" class="com.bbs.struts.action.DoMain">
			<result name="success">adminindex.jsp</result>
		</action>
			<action name="dousersearch" class="com.bbs.struts.action.DoUsersearch">
				<interceptor-ref name="adminloginInterceptor">
				</interceptor-ref>
			<result name="success">searchuser.jsp</result>
		</action>
		<action name="dodeleteuser" class="com.bbs.struts.action.DoDeleteuser">
			<result>userManager.jsp?pageid=0</result>
		</action>
	</package>
</struts>    
