<?xml version='1.0' encoding='UTF-8'?>
<!DOCTYPE hibernate-configuration PUBLIC
          "-//Hibernate/Hibernate Configuration DTD 3.0//EN"
          "http://hibernate.sourceforge.net/hibernate-configuration-3.0.dtd">

<!-- Generated by MyEclipse Hibernate Tools.                   -->
<hibernate-configuration>

	<session-factory>
		<property name="dialect">
			org.hibernate.dialect.MySQLDialect
		</property>
		<property name="connection.url">jdbc:mysql://localhost:3306/SchoolClub</property>
		<property name="connection.username">root</property>
		<property name="connection.password">123456</property>
		<property name="connection.driver_class">
			com.mysql.jdbc.Driver
		</property>
		<property name="myeclipse.connection.profile">club</property>
		<property name="show_sql">true</property>
		<property name="format_sql">true</property>
		<mapping resource="com/club/entity/ClubUser.hbm.xml" />
		<mapping resource="com/club/entity/ClubPicture.hbm.xml" />
		<mapping resource="com/club/entity/Club.hbm.xml" />
		<mapping resource="com/club/entity/ClubType.hbm.xml" />
		<mapping resource="com/club/entity/ClubActivity.hbm.xml" />
		<mapping resource="com/club/entity/ClubMessage.hbm.xml" />
		<mapping resource="com/club/entity/ClubNews.hbm.xml" />

	</session-factory>

</hibernate-configuration>