<?xml version="1.0" encoding="UTF-8" ?>

<!DOCTYPE sqlMap PUBLIC "-//ibatis.apache.org//DTD SQL Map 2.0//EN"
    "http://ibatis.apache.org/dtd/sql-map-2.dtd">

<sqlMap namespace="SellNote">
  <!-- 别名定义 -->
  <typeAlias alias="sellNote" type="com.product.sellnote.SellNote"/>
  <typeAlias alias="product"  type="com.product.product.Product"/>
  
  <resultMap class="sellNote" id="get-sellNote-result">
  	<result property="snId" column="SnId"/>
  	<result property="orderFormNo" column="OrderFormNo"/>
  	<result property="product" column="ProductId" select="getProductByprductId"/>
  	<result property="pnumber" column="Pnumber"/>
  	<result property="pactSum" column="PactSum"/>
  	<result property="signDate" column="SignDate"/>
  </resultMap>
  <!-- 插入订单记录 -->
  <insert id="insertSellNote" parameterClass="sellNote">
    INSERT INTO SellNote
      (OrderFormNo,ProductId,Pnumber,PactSum,SignDate)
    VALUES
      (#orderFormNo#, #productId#,#pnumber#,#pactSum#,#signDate#)
  </insert>
  <!-- 修改订单记录 -->
  <update id="updateSellNote" parameterClass="sellNote">
    update SellNote
      set
      OrderFormNo=#orderFormNo#,
      ProductId=#productId#,
      Pnumber=#pnumber#,
      PactSum=#pactSum#,
      SignDate=#signDate#
    where SnId=#snId#
  </update>
  <!-- 获取所有订单列表 -->
   <select id="getSellNoteList" resultMap="get-sellNote-result">
    SELECT
      SnId,
      OrderFormNo,
      ProductId,
      Pnumber,
      PactSum,
      SignDate
    FROM SellNote order by snId desc
  </select>
  <!-- 根据产品ID获取产品记录-->
  <select id="getProductByprductId" resultClass="product" parameterClass="java.lang.String">
    SELECT
      ProductId,
      ProductName,
      ProductNo
    FROM Product where ProductId=#productId#
  </select>
  <!-- 根据产品记录ID获取订单记录 -->
   <select id="getSellNoteById" resultClass="sellNote" parameterClass="java.lang.String">
    SELECT
      SnId,
      OrderFormNo,
      ProductId,
      Pnumber,
      PactSum,
      SignDate
    FROM SellNote where SnId=#snId#
  </select>
  <!-- 删除订单记录 -->
  <delete id="delSellNote" parameterClass="java.lang.String">
    DELETE 
    FROM SellNote where SnId=#snId#
  </delete>
  <!-- 获取每种产品的销售量 -->
  <select id="getProductNameSumPnumber" resultClass="sellNote">
     select ProductName AS productName, 
     sum(Pnumber) AS sumPnumber
     from SellNote,Product where SellNote.productId=Product.productId group by SellNote.ProductId
  </select>
  <!-- 获取每种产品的销售额 -->
  <select id="getProductNameSumPactSum" resultClass="sellNote">
     select ProductName AS productName, 
     sum(PactSum) AS sumPactSum
     from SellNote,Product where SellNote.productId=Product.productId group by SellNote.ProductId
  </select>
</sqlMap>
