<?xml version='1.0' encoding='UTF-8'?>
<!DOCTYPE hibernate-configuration PUBLIC
          "-//Hibernate/Hibernate Configuration DTD 3.0//EN"
          "http://hibernate.sourceforge.net/hibernate-configuration-3.0.dtd">

<!-- Generated by MyEclipse Hibernate Tools.                   -->
<hibernate-configuration>

	<session-factory>
		<property name="myeclipse.connection.profile">220</property>
		<property name="connection.url">
			jdbc:oracle:thin:@localhost:1521:xe
		</property>
		<property name="connection.username">briup</property>
		<property name="connection.password">briup</property>
		<property name="connection.driver_class">
			oracle.jdbc.driver.OracleDriver
		</property>
		<property name="dialect">
			org.hibernate.dialect.Oracle9Dialect
		</property>
		<property name="show_sql">true</property>
		<property name="query.factory_class">
			org.hibernate.hql.classic.ClassicQueryTranslatorFactory
		</property>
		<mapping resource="com/briup/dao/bean/Department.hbm.xml" />
		<mapping resource="com/briup/dao/bean/Employee.hbm.xml" />
		<mapping resource="com/briup/dao/bean/Jc.hbm.xml" />
		<mapping resource="com/briup/dao/bean/Loadfile.hbm.xml" />
		<mapping resource="com/briup/dao/bean/Member.hbm.xml" />
		<mapping resource="com/briup/dao/bean/Recruit.hbm.xml" />
		<mapping resource="com/briup/dao/bean/Salary.hbm.xml" />
		<mapping resource="com/briup/dao/bean/Train.hbm.xml" />
		<mapping resource="com/briup/dao/bean/Yp.hbm.xml" />
		<mapping resource="com/briup/dao/bean/Zw.hbm.xml" />
		<mapping resource="com/briup/dao/bean/LyEmployee.hbm.xml" />
		<mapping resource="com/briup/dao/bean/LyDepartment.hbm.xml" />
		<mapping resource="com/briup/dao/bean/LyFile.hbm.xml" />
		<mapping resource="com/briup/dao/bean/LyJc.hbm.xml" />
		<mapping resource="com/briup/dao/bean/LyMember.hbm.xml" />
		<mapping resource="com/briup/dao/bean/LyRecruit.hbm.xml" />
		<mapping resource="com/briup/dao/bean/LySalary.hbm.xml" />
		<mapping resource="com/briup/dao/bean/LyTrain.hbm.xml" />
		<mapping resource="com/briup/dao/bean/LyYp.hbm.xml" />
		<mapping resource="com/briup/dao/bean/LyZw.hbm.xml" />

	</session-factory>

</hibernate-configuration>