<?xml version="1.0" encoding="utf-8"?>
<!DOCTYPE hibernate-mapping PUBLIC "-//Hibernate/Hibernate Mapping DTD 3.0//EN"
"http://hibernate.sourceforge.net/hibernate-mapping-3.0.dtd">
<!-- 
    Mapping file autogenerated by MyEclipse Persistence Tools
-->
<hibernate-mapping>
    <class name="com.jwy.dto.Specialty" table="tb_specialty" catalog="db_database26">
        <id name="id" type="java.lang.Integer">
            <column name="id" />
            <generator class="native"></generator>
        </id>
        <property name="enterYear" type="java.lang.String">
            <column name="enterYear" length="4" not-null="true">
                <comment>入学年份</comment>
            </column>
        </property>
        <property name="name" type="java.lang.String">
            <column name="name" length="40" not-null="true">
                <comment>专业名称</comment>
            </column>
        </property>
        <property name="langthYear" type="java.lang.String">
            <column name="langthYear" length="10" not-null="true">
                <comment>学制</comment>
            </column>
        </property>
        <property name="isFinish" type="java.lang.Boolean">
            <column name="isFinish" not-null="true">
                <comment>是否毕业</comment>
            </column>
        </property>
    </class>
</hibernate-mapping>
