<?xml version="1.0" encoding="UTF-8"?>
<beans xmlns="http://www.springframework.org/schema/beans"
	xmlns:xsi="http://www.w3.org/2001/XMLSchema-instance"
	xmlns:flex="http://www.springframework.org/schema/flex"
	xmlns:p="http://www.springframework.org/schema/p"
	xmlns:aop="http://www.springframework.org/schema/aop"
	xmlns:context="http://www.springframework.org/schema/context"
	xmlns:jee="http://www.springframework.org/schema/jee"
	xmlns:tx="http://www.springframework.org/schema/tx"
	xsi:schemaLocation="
	http://www.springframework.org/schema/aop http://www.springframework.org/schema/aop/spring-aop-2.5.xsd
	http://www.springframework.org/schema/beans http://www.springframework.org/schema/beans/spring-beans-2.5.xsd
	http://www.springframework.org/schema/context http://www.springframework.org/schema/context/spring-context-2.5.xsd
	http://www.springframework.org/schema/jee http://www.springframework.org/schema/jee/spring-jee-2.5.xsd
	http://www.springframework.org/schema/tx http://www.springframework.org/schema/tx/spring-tx-2.5.xsd">

	<context:property-placeholder location="classpath:jdbc.properties"/>
	
	<bean id="dataSource" class="com.mchange.v2.c3p0.ComboPooledDataSource"    destroy-method="close">
		<property name="driverClass"><value>${jdbc.driverClassName}</value></property>
		<property name="jdbcUrl"><value>${jdbc.url}</value></property>               
		<property name="user"><value>${jdbc.username}</value></property>
		<property name="password"><value>${jdbc.password}</value></property>
		<property name="minPoolSize"><value>10</value></property>
		<property name="maxPoolSize"><value>100</value></property>
		<property name="maxIdleTime"><value>1800</value></property>
		<property name="acquireIncrement"><value>2</value></property>
		<property name="maxStatements"><value>0</value></property>
		<property name="initialPoolSize"><value>10</value></property>
		<property name="idleConnectionTestPeriod"><value>1000</value></property>
		<property name="acquireRetryAttempts"><value>30</value></property>
		<property name="acquireRetryDelay"><value>100</value></property>
		<property name="breakAfterAcquireFailure"><value>false</value></property>
		<property name="testConnectionOnCheckout"><value>false</value></property>
	</bean>
	
	<bean id="sessionFactory"
		class="org.springframework.orm.hibernate3.annotation.AnnotationSessionFactoryBean">
<!-- 		class="org.springframework.orm.hibernate3.LocalSessionFactoryBean"> -->
		<property name="dataSource" ref="dataSource" />
		<property name="configLocation" value="classpath:hibernate.cfg.xml" />
		<property name="hibernateProperties">
			<props>
				<prop key="hibernate.dialect">${hibernate.dialect}</prop>
				<prop key="hibernate.show_sql">${hibernate.show_sql}</prop>
				<prop key="hibernate.cache.use_query_cache">${hibernate.cache.use_query_cache}</prop>
				<prop key="hibernate.cache.provider_class">${hibernate.cache.provider_class}</prop>
				<prop key="hibernate.default_batch_fetch_size">${hibernate.default_batch_fetch_size}</prop>
				<prop key="hibernate.jdbc.fetch_size">${hibernate.jdbc.fetch_size}</prop>
				<prop key="hibernate.jdbc.batch_size">${hibernate.jdbc.batch_size}</prop>
				<prop key="hibernate.format_sql">false</prop>
			</props>
		</property>
	</bean>

	<bean id="transactionManager"
		class="org.springframework.orm.hibernate3.HibernateTransactionManager">
		<property name="sessionFactory" ref="sessionFactory" />
	</bean>
    
    <!-- dao注入 -->
	<bean id="StudentDaoImpl" class="lcz.test.java2excel.dao.impl.StudentDaoImpl">
		<property name="sessionFactory" ref="sessionFactory"></property>
	</bean>
	
	<!-- service注入 -->
	<bean id="ComputeStudentServiceImpl" class="lcz.test.java2excel.service.impl.ComputeStudentServiceImpl">
		<property name="studentDao" ref="StudentDaoImpl"></property>
	</bean>
	
	<!-- action注入 -->	 
    <bean id="OutputAction" class="lcz.test.java2excel.action.OutputAction">
    	<property name="computeStudentService" ref="ComputeStudentServiceImpl"></property>
    </bean>
</beans>
