<?xml version="1.0" encoding="UTF-8"?>
<!DOCTYPE struts PUBLIC "-//Apache Software Foundation//DTD Struts Configuration 2.0//EN"
    "http://struts.apache.org/dtds/struts-2.0.dtd">

<struts>
	<constant name="struts.multipart.maxSize" value="2147483648" />
	<package name="strut2" extends="struts-default" >

		<interceptors>
			<interceptor-stack name="testStack">
				<interceptor-ref name="defaultStack"></interceptor-ref>
			</interceptor-stack>
		</interceptors>
		<default-interceptor-ref name="testStack"></default-interceptor-ref>

		<action name="input" class="OutputAction" method="actionMethod">
			<result name="output">WEB-INF/pages/output.jsp</result>
		</action>

	</package>
</struts>