<?xml version="1.0" encoding="utf-8"?>
<!DOCTYPE hibernate-mapping PUBLIC "-//Hibernate/Hibernate Mapping DTD 3.0//EN"
"http://hibernate.sourceforge.net/hibernate-mapping-3.0.dtd">

<hibernate-mapping>
    <class name="lcz.test.java2excel.bean.Student" table="student" catalog="ssh">
        <id name="studentId" type="integer">
            <column name="studentId" />
            <generator class="increment" />
        </id>
        <property name="name" type="string">
            <column name="name" length="48" not-null="true" />
        </property>
    </class>
</hibernate-mapping>
