<?xml version="1.0" encoding="utf-8"?>
<!DOCTYPE hibernate-mapping PUBLIC "-//Hibernate/Hibernate Mapping DTD 3.0//EN"
"http://hibernate.sourceforge.net/hibernate-mapping-3.0.dtd">
<!-- 
    Mapping file autogenerated by MyEclipse Persistence Tools
-->
<hibernate-mapping>
    <class name="com.ORM.Cartselectedmer" table="cartselectedmer" catalog="db_eshop">
        <id name="id" type="java.lang.Integer">
            <column name="ID" />
            <generator class="identity" />
        </id>
        <property name="cart" type="java.lang.Integer">
            <column name="Cart" not-null="true" />
        </property>
        <property name="merchandise" type="java.lang.Integer">
            <column name="Merchandise" not-null="true" />
        </property>
        <property name="number" type="java.lang.Integer">
            <column name="Number" not-null="true" />
        </property>
        <property name="price" type="java.lang.Double">
            <column name="Price" precision="8" not-null="true" />
        </property>
        <property name="money" type="java.lang.Double">
            <column name="Money" precision="9" not-null="true" />
        </property>
    </class>
</hibernate-mapping>
