<?xml version="1.0" encoding="utf-8"?>
<!DOCTYPE hibernate-mapping PUBLIC "-//Hibernate/Hibernate Mapping DTD 3.0//EN"
"http://hibernate.sourceforge.net/hibernate-mapping-3.0.dtd">
<!-- 
    Mapping file autogenerated by MyEclipse Persistence Tools
-->
<hibernate-mapping>
    <class name="com.ORM.Orders" table="orders" catalog="db_eshop">
        <id name="id" type="java.lang.Integer">
            <column name="ID" />
            <generator class="identity" />
        </id>
        <property name="orderNo" type="java.lang.String">
            <column name="OrderNO" length="20" />
        </property>
        <property name="orderDate" type="java.util.Date">
            <column name="OrderDate" length="19" />
        </property>
        <property name="orderStatus" type="java.lang.Integer">
            <column name="OrderStatus" />
        </property>
        
        <!--映射Orders到Member的多对一关联-->
        <many-to-one name="member"
        			 column="Member"
        			 class="com.ORM.Member"
        			 lazy="false"
        			 not-null="true"/>
        			 
		 <!--映射Orders与Cart的一对一关联-->
		  <many-to-one name="cart"
  					  column="Cart" 		  
		  			  class="com.ORM.Cart"
		  			  cascade="all"
		  			  lazy="false"
		  			  unique="true"/>        			           
    </class>
</hibernate-mapping>
