<?xml version="1.0" encoding="UTF-8" ?>
<!DOCTYPE struts PUBLIC
        "-//Apache Software Foundation//DTD Struts Configuration 2.0//EN"
        "http://struts.apache.org/dtds/struts-2.0.dtd">

<struts>

    <package name="sellNote" extends="jfreechart-default" namespace="/sellNote">
		 <!-- 响应订单列表请求 -->
        <action name="list" class="sellNoteAction" method="list">
        	<interceptor-ref name="params"/>
            <result>/sellnote/sellnoteslist.jsp</result>
        </action>
        <!-- 响应订单编辑请求 -->
        <action name="edit" class="sellNoteAction" method="edit">
        	<interceptor-ref name="params"/>
            <result>/sellnote/editsellnote.jsp</result>
        </action>
        <!-- 响应订单保存请求 -->
        <action name="save" class="sellNoteAction" method="save">
        	<interceptor-ref name="params"/>
		   	<result name="input">/sellnote/editsellnote.jsp</result>
           	<!--<result type="redirect">list.kemp</result>
            -->
            <result type="redirect">/sellnote/sellnoteslist.jsp</result>
       	</action>
       	<!-- 响应订单删除请求 -->
       	<action name="delete" class="sellNoteAction" method="delete">
        	<interceptor-ref name="params"/>
           	<!--<result type="redirect">list.kemp</result>
        -->
        <result type="redirect">/sellnote/sellnoteslist.jsp</result>
        </action>
        <!-- 响应生成产品销量圆柱图请求 -->
        <action name="getYuanZhuChart" class="sellNoteAction" method="getYuanZhuChart">
  			<result type="chart">
    			<param name="width">400</param>
    			<param name="height">300</param> 
  			</result>
		</action>
		<!-- 响应生成产品销量圆饼图请求 -->
		<action name="getYuanBingChart" class="sellNoteAction" method="getYuanBingChart">
  			<result type="chart">
    			<param name="width">400</param>
    			<param name="height">300</param> 
  			</result>
		</action>
		<!-- 响应生成产品销售额折线图请求 -->
		<action name="getZheXianChart" class="sellNoteAction" method="getZheXianChart">
  			<result type="chart">
    			<param name="width">400</param>
    			<param name="height">300</param> 
  			</result>
		</action>
		<!-- 响应选择产品销售分析图请求 -->
		<action name="selectChart" class="sellNoteAction" method="selectChart">
        	<interceptor-ref name="params"/>
           	<result >/sellnote/viewchart.jsp</result>
        </action>
     </package>
</struts>
