<?xml version="1.0" encoding="UTF-8" ?>
<!DOCTYPE struts PUBLIC
        "-//Apache Software Foundation//DTD Struts Configuration 2.0//EN"
        "http://struts.apache.org/dtds/struts-2.0.dtd">

<struts>

    <package name="users" extends="struts-default" namespace="/users">
		 <!-- Add actions here -->
        <action name="login" class="usersAction" method="login">
        	<interceptor-ref name="params"/>
            <result>/root/main.jsp</result>
            <result name="input">/root/login.jsp</result>
        </action>
     </package>
     <package name="root" extends="struts-default" namespace="/root">
     	<action name="main" >
        	<result>login.jsp</result>
        </action>
     </package>
</struts>
