<?xml version="1.0" encoding="UTF-8" ?>
<!DOCTYPE struts PUBLIC
        "-//Apache Software Foundation//DTD Struts Configuration 2.0//EN"
        "http://struts.apache.org/dtds/struts-2.0.dtd">

<struts>
    <package name="productMg" extends="struts-default" namespace="/productMg">
		 <!-- 响应列表显示请求 -->
        <action name="list" class="productAction" method="list">
        	<interceptor-ref name="params"/>
            <result>/product/productslist.jsp</result>
        </action>
        <!-- 响应产品编辑请求 -->
        <action name="edit" class="productAction" method="edit">
        	<interceptor-ref name="params"/>
            <result>/product/editproduct.jsp</result>
        </action>
        <!-- 响应产品信息保存请求 -->
        <action name="save" class="productAction" method="save">
        	<interceptor-ref name="params"/>
		   	<result name="input">/product/editproduct.jsp</result>
           	<result type="redirect">/product/productslist.jsp</result>
       	</action>
       	<!-- 响应产品的删除请求 -->
       	<action name="delete" class="productAction" method="delete">
        	<interceptor-ref name="params"/>
           	<!--<result type="redirect">list.kemp</result>
           	--><result type="redirect">/product/productslist.jsp</result>
        </action>
     </package>
</struts>
