<?xml version="1.0" encoding="UTF-8" ?>
<!DOCTYPE struts PUBLIC
        "-//Apache Software Foundation//DTD Struts Configuration 2.0//EN"
        "http://struts.apache.org/dtds/struts-2.0.dtd">

<struts>

    <package name="chart" extends="jfreechart-default" namespace="/chart">
		 <!-- Add actions here -->
        <action name="viewChart" class="ViewModerationChartAction" method="viewChart">
  			<result type="chart">
    			<param name="width">400</param>
    			<param name="height">300</param> 
  			</result>
		</action>
		<action name="createChart1" class="ViewModerationChartAction" method="createChart1">
  			<result type="chart">
    			<param name="width">400</param>
    			<param name="height">300</param> 
  			</result>
		</action>
	    <action name="createChart2" class="ViewModerationChartAction" method="createChart2">
  			<result type="chart">
    			<param name="width">400</param>
    			<param name="height">300</param> 
  			</result>
		</action>
     </package>
</struts>
