<?xml version="1.0" encoding="UTF-8" ?>

<!DOCTYPE sqlMap PUBLIC "-//ibatis.apache.org//DTD SQL Map 2.0//EN"
    "http://ibatis.apache.org/dtd/sql-map-2.dtd">

<sqlMap namespace="Product">
  <!-- 别名定义 -->
  <typeAlias alias="product" type="com.product.product.Product"/>
  <!-- 实现产品信息的插入 -->
  <insert id="insertProduct" parameterClass="product">
    INSERT INTO Product
      (ProductName,ProductNo)
    VALUES
      (#productName#, #productNo#)
  </insert>
  <!-- 实现产品信息的修改 -->
  <update id="updateProduct" parameterClass="product">
    update Product
      set
      ProductName=#productName#,
      ProductNo=#productNo#
    where ProductId=#productId#
  </update>
  <!-- 获取产品信息列表 -->
   <select id="getProductList" resultClass="product">
    SELECT
      ProductId,
      ProductName,
      ProductNo
    FROM Product order by ProductId desc
  </select>
  <!-- 通过ID获取特定产品信息 -->
   <select id="getProductById" resultClass="product" parameterClass="java.lang.String">
    SELECT
      ProductId,
      ProductName,
      ProductNo
    FROM Product where ProductId=#productId#
  </select>
  <!-- 删除指定产品记录 -->
  <delete id="delProduct" parameterClass="java.lang.String">
    DELETE 
    FROM Product where ProductId=#productId#
  </delete>
</sqlMap>
