<?xml version="1.0" encoding="UTF-8" ?>
<!DOCTYPE struts PUBLIC "-//Apache Software Foundation//DTD Struts Configuration 2.1//EN" "http://struts.apache.org/dtds/struts-2.1.dtd">
<struts>
<package name="com.club" extends="struts-default">
<global-results>
	<result name="msg">/sc_msg.jsp</result>
	<result name="message">/admin/sc_msg.jsp</result>
	<!-- <result name="login">/login.jsp</result> -->
	</global-results>
<action name="*_club" class="com.club.action.ClubAction" method="{1}">
<result name="list">/admin/sc_club_op.jsp</result>
<result name="add">/sc_audit_success.jsp</result>
<result name="add_error">/sc_audit.jsp</result>
<result name="detail">/admin/sc_club_detail.jsp</result>
<result name="edit" type="redirectAction">list_club</result>
<result name="toedit">/admin/sc_club_edit.jsp</result>
<result name="del" type="redirectAction">list_club?audit=${audit}</result>
<result name="show">/sc_club_list.jsp</result>
<result name="info">/sc_club.jsp</result>
<result name="audit" type="redirectAction">list_club?audit=${audit}</result>


</action>

<action name="*_user" class="com.club.action.UserAction" method="{1}">
<result name="login_success">/admin/sc_center.jsp</result>
<result name="list">/admin/sc_member_op.jsp</result>
<result name="editpwd_error">/admin/sc_user_pwd_update.jsp</result>
<result name="index">/admin/index.jsp</result>
<result name="del_error" type="redirectAction">list_user</result>
<result name="del" type="redirectAction">list_user</result>
<result name="relogin_error">/sc_login.jsp</result>
<result name="relogin" type="redirectAction">index_a</result>
<result name="info">/sc_user_info.jsp</result>
<result name="main">/sc_user_index.jsp</result>
<result name="out">/sc_login.jsp</result>
<result name="toedit">/sc_user_manager.jsp</result>
<result name="register">/sc_register_success.jsp</result>
<result name="register_error">/sc_register.jsp</result>
<result name="look">/sc_user_look.jsp</result>
<result name="mm">/sc_msg.jsp</result>

</action>

<action name="*_message" class="com.club.action.MessageAction" method="{1}">
<result name="list">/admin/sc_message_op.jsp</result>
<result name="newslist">/admin/sc_message_news_list.jsp</result>
<result name="messageslist">/admin/sc_message_list.jsp</result>
<result name="add"></result>


</action>

<action name="*_activity" class="com.club.action.ActivityAction" method="{1}">
<result name="list">/admin/sc_activity_op.jsp</result>
<result name="del" type="redirectAction">list_activity?audit=${audit}</result>
<result name="add" type="redirectAction">list_activity</result>
<result name="edit" type="redirectAction">list_activity</result>
<result name="toadd">/admin/sc_activity_add.jsp</result>
<result name="toedit">/admin/sc_activity_edit.jsp</result>
<result name="detail">/admin/sc_activity_detail.jsp</result>
<result name="audit" type="redirectAction">list_activity?audit=${audit}</result>
<result name="show">/sc_activity_list.jsp</result>
<result name="info">/sc_activity.jsp</result>
</action>

<action name="*_news" class="com.club.action.NewsAction" method="{1}">
<result name="list">/admin/sc_news_op.jsp</result>
<result name="toadd">/admin/sc_news_add.jsp</result>
<result name="add" type="redirectAction">list_news</result>
<result name="edit" type="redirectAction">list_news</result>
<result name="toedit">/admin/sc_news_edit.jsp</result>
<result name="del" type="redirectAction">list_news</result>
<result name="detail">/admin/sc_news_detail.jsp</result>
<result name="show">/sc_news_list.jsp</result>
<result name="info">/sc_news.jsp</result>
</action>
<action name="index_a" class="com.club.action.IndexAction" method="index">
<result>/index.jsp</result>
</action>
</package>
</struts>    
