<?xml version="1.0" encoding="utf-8"?>
<!DOCTYPE hibernate-mapping PUBLIC "-//Hibernate/Hibernate Mapping DTD 3.0//EN"
"http://hibernate.sourceforge.net/hibernate-mapping-3.0.dtd">
<!-- 
    Mapping file autogenerated by MyEclipse Persistence Tools
-->
<hibernate-mapping>
    <class name="com.club.entity.ClubUser" table="club_user" catalog="schoolclub">
        <id name="userId" type="java.lang.Integer">
            <column name="user_id" />
            <generator class="increment" />
        </id>
        <many-to-one name="club" class="com.club.entity.Club" fetch="select" lazy="false" >
            <column name="user_club_id" />
        </many-to-one>
        <many-to-one name="clubType" class="com.club.entity.ClubType" fetch="select">
            <column name="user_type_id" />
        </many-to-one>
        <property name="userName" type="java.lang.String">
            <column name="user_name" length="30" />
        </property>
        <property name="userPwd" type="java.lang.String">
            <column name="user_pwd" length="32" />
        </property>
        <property name="userSex" type="java.lang.String">
            <column name="user_sex" length="2" />
        </property>
        <property name="userRealname" type="java.lang.String">
            <column name="user_realname" length="30" />
        </property>
        <property name="userAge" type="java.lang.Integer">
            <column name="user_age" />
        </property>
        <property name="userClass" type="java.lang.String">
            <column name="user_class" length="30" />
        </property>
        <property name="userPhone" type="java.lang.String">
            <column name="user_phone" length="30" />
        </property>
        <property name="userAddress" type="java.lang.String">
            <column name="user_address" length="100" />
        </property>
        <property name="userPicture" type="java.lang.String">
            <column name="user_picture" length="100" />
        </property>
        <property name="userNick" type="java.lang.String">
            <column name="user_nick" length="30" />
        </property>
        <set name="clubMessages" inverse="true">
            <key>
                <column name="msg_user_id" />
            </key>
            <one-to-many class="com.club.entity.ClubMessage" />
        </set>
        <set name="clubs" inverse="false" lazy="false" cascade="all" >
            <key>
                <column name="club_user_id" />
            </key>
            <one-to-many class="com.club.entity.Club" />
        </set>
        <set name="clubActivities" inverse="true">
            <key>
                <column name="act_user_id" />
            </key>
            <one-to-many class="com.club.entity.ClubActivity" />
        </set>
    </class>
</hibernate-mapping>
