<?xml version="1.0" encoding="utf-8"?>
<!DOCTYPE hibernate-mapping PUBLIC "-//Hibernate/Hibernate Mapping DTD 3.0//EN"
"http://hibernate.sourceforge.net/hibernate-mapping-3.0.dtd">
<!-- 
    Mapping file autogenerated by MyEclipse Persistence Tools
-->
<hibernate-mapping>
    <class name="com.club.entity.ClubNews" table="club_news" catalog="schoolclub">
        <id name="newsId" type="java.lang.Integer">
            <column name="news_id" />
            <generator class="increment" />
        </id>
        <many-to-one name="club" class="com.club.entity.Club" fetch="select" lazy="false">
            <column name="news_club" />
        </many-to-one>
        <property name="newsTitle" type="java.lang.String">
            <column name="news_title" length="100" />
        </property>
        <property name="newsContent" type="java.lang.String">
            <column name="news_content" length="2000" />
        </property>
        <property name="newsTime" type="java.util.Date">
            <column name="news_time" length="10" />
        </property>
        <property name="newsUser" type="java.lang.String">
            <column name="news_user" length="30" />
        </property>
        <set name="clubMessages" inverse="false" lazy="false">
            <key>
                <column name="msg_news_id" />
            </key>
            <one-to-many class="com.club.entity.ClubMessage" />
        </set>
        <set name="clubPictures" inverse="false" cascade="save-update" lazy="false">
            <key>
                <column name="pic_news_id" />
            </key>
            <one-to-many class="com.club.entity.ClubPicture" />
        </set>
    </class>
</hibernate-mapping>
