<?xml version="1.0" encoding="utf-8"?>
<!DOCTYPE hibernate-mapping PUBLIC "-//Hibernate/Hibernate Mapping DTD 3.0//EN"
"http://hibernate.sourceforge.net/hibernate-mapping-3.0.dtd">
<!-- 
    Mapping file autogenerated by MyEclipse Persistence Tools
-->
<hibernate-mapping>
    <class name="com.club.entity.ClubActivity" table="club_activity" catalog="schoolclub">
        <id name="actId" type="java.lang.Integer">
            <column name="act_id" />
            <generator class="increment" />
        </id>
        <many-to-one name="club" class="com.club.entity.Club" fetch="select" lazy="false">
            <column name="act_club_id" />
        </many-to-one>
        <many-to-one name="clubUser" class="com.club.entity.ClubUser" fetch="select" lazy="false">
            <column name="act_user_id" />
        </many-to-one>
        <property name="actTitle" type="java.lang.String">
            <column name="act_title" length="100" />
        </property>
        <property name="actContent" type="java.lang.String">
            <column name="act_content" length="2000" />
        </property>
        <property name="actAddress" type="java.lang.String">
            <column name="act_address" length="200" />
        </property>
        <property name="actTime" type="java.util.Date">
            <column name="act_time" length="10" />
        </property>
        <property name="actAudit" type="java.lang.Integer">
            <column name="act_audit" />
        </property>
    	 <property name="actPic" type="java.lang.String">
            <column name="act_pic" length="100" />
        </property>
    </class>
</hibernate-mapping>
