<?xml version="1.0" encoding="utf-8"?>
<!DOCTYPE hibernate-mapping PUBLIC "-//Hibernate/Hibernate Mapping DTD 3.0//EN"
"http://hibernate.sourceforge.net/hibernate-mapping-3.0.dtd">
<!-- 
    Mapping file autogenerated by MyEclipse Persistence Tools
-->
<hibernate-mapping>
    <class name="com.club.entity.ClubType" table="club_type" catalog="schoolclub">
        <id name="typeId" type="java.lang.Integer">
            <column name="type_id" />
            <generator class="increment" />
        </id>
        <property name="typeName" type="java.lang.String">
            <column name="type_name" length="30" />
        </property>
        <set name="clubUsers" inverse="true">
            <key>
                <column name="user_type_id" />
            </key>
            <one-to-many class="com.club.entity.ClubUser" />
        </set>
    </class>
</hibernate-mapping>
