<?xml version="1.0" encoding="utf-8"?>
<!DOCTYPE hibernate-mapping PUBLIC "-//Hibernate/Hibernate Mapping DTD 3.0//EN"
"http://hibernate.sourceforge.net/hibernate-mapping-3.0.dtd">
<!-- 
    Mapping file autogenerated by MyEclipse Persistence Tools
-->
<hibernate-mapping>
    <class name="com.club.entity.ClubPicture" table="club_picture" catalog="schoolclub">
        <id name="picId" type="java.lang.Integer">
            <column name="pic_id" />
            <generator class="increment" />
        </id>
        <many-to-one name="clubNews" class="com.club.entity.ClubNews" fetch="select" lazy="false">
            <column name="pic_news_id" />
        </many-to-one>
        <property name="picUrl" type="java.lang.String">
            <column name="pic_url" length="100" />
        </property>
    </class>
</hibernate-mapping>
