<?xml version="1.0" encoding="utf-8"?>
<!DOCTYPE hibernate-mapping PUBLIC "-//Hibernate/Hibernate Mapping DTD 3.0//EN"
"http://hibernate.sourceforge.net/hibernate-mapping-3.0.dtd">
<!-- 
    Mapping file autogenerated by MyEclipse Persistence Tools
-->
<hibernate-mapping>
    <class name="com.club.entity.ClubMessage" table="club_message" catalog="schoolclub">
        <id name="msgId" type="java.lang.Integer">
            <column name="msg_id" />
            <generator class="increment" />
        </id>
        <many-to-one name="clubUser" class="com.club.entity.ClubUser" fetch="select" lazy="false">
            <column name="msg_user_id" />
        </many-to-one>
        <many-to-one name="clubNews" class="com.club.entity.ClubNews" fetch="select" lazy="false">
            <column name="msg_news_id" />
        </many-to-one>
        <property name="msgContent" type="java.lang.String">
            <column name="msg_content" length="2000" />
        </property>
        <property name="msgTime" type="java.util.Date">
            <column name="msg_time" length="10" />
        </property>
    </class>
</hibernate-mapping>
