<?xml version="1.0" encoding="utf-8"?>
<!DOCTYPE hibernate-mapping PUBLIC "-//Hibernate/Hibernate Mapping DTD 3.0//EN"
"http://hibernate.sourceforge.net/hibernate-mapping-3.0.dtd">
<!-- 
    Mapping file autogenerated by MyEclipse Persistence Tools
-->
<hibernate-mapping>
    <class name="com.club.entity.Club" table="club" catalog="schoolclub">
        <id name="clubId" type="java.lang.Integer">
            <column name="club_id" />
            <generator class="increment" />
        </id>
        <many-to-one name="clubUser" class="com.club.entity.ClubUser" fetch="select" lazy="false">
            <column name="club_user_id" />
        </many-to-one>
        <property name="clubName" type="java.lang.String">
            <column name="club_name" length="50" />
        </property>
        <property name="clubDate" type="java.util.Date">
            <column name="club_date" length="10" />
        </property>
        <property name="clubDescription" type="java.lang.String">
            <column name="club_description" length="4000" />
        </property>
        <property name="clubAudit" type="java.lang.Integer">
            <column name="club_audit" />
        </property>
        <set name="clubUsers" inverse="false" cascade="all">
            <key>
                <column name="user_club_id" />
            </key>
            <one-to-many class="com.club.entity.ClubUser" />
        </set>
        <set name="clubActivities" inverse="true">
            <key>
                <column name="act_club_id" />
            </key>
            <one-to-many class="com.club.entity.ClubActivity" />
        </set>
        <set name="clubNewses" inverse="true">
            <key>
                <column name="news_club" />
            </key>
            <one-to-many class="com.club.entity.ClubNews" />
        </set>
    </class>
</hibernate-mapping>
