<?xml version="1.0"?>
<!DOCTYPE hibernate-mapping PUBLIC "-//Hibernate/Hibernate Mapping DTD 3.0//EN"
"http://hibernate.sourceforge.net/hibernate-mapping-3.0.dtd">
<!-- 
    Mapping file autogenerated by MyEclipse - Hibernate Tools
-->
<hibernate-mapping>
    <class name="com.briup.dao.bean.Department" table="LY_DEPARTMENT">
        <id name="id" type="long">
            <column name="ID" precision="4" scale="0" />
            <generator class="increment" />
        </id>
        <property name="name" type="string">
            <column name="NAME" length="15" />
        </property>
        <set name="lyEmployees" inverse="true">
            <key>
                <column name="DEPTID" precision="4" scale="0" />
            </key>
            <one-to-many class="com.briup.dao.bean.Employee" />
        </set>
        <set name="lyZws" inverse="true">
            <key>
                <column name="DEPT_ID" precision="4" scale="0" />
            </key>
            <one-to-many class="com.briup.dao.bean.Zw" />
        </set>
    </class>
</hibernate-mapping>
