<?xml version="1.0"?>
<!DOCTYPE hibernate-mapping PUBLIC "-//Hibernate/Hibernate Mapping DTD 3.0//EN"
"http://hibernate.sourceforge.net/hibernate-mapping-3.0.dtd">
<!-- 
    Mapping file autogenerated by MyEclipse - Hibernate Tools
-->
<hibernate-mapping>
    <class name="com.briup.dao.bean.Employee" table="LY_EMPLOYEE">
        <id name="id" type="long">
            <column name="ID" precision="4" scale="0" />
            <generator class="increment" />
        </id>
        <many-to-one name="lyDepartment" class="com.briup.dao.bean.Department" fetch="select">
            <column name="DEPTID" precision="4" scale="0" />
        </many-to-one>
        <many-to-one name="lyZw" class="com.briup.dao.bean.Zw" fetch="select">
            <column name="ZWID" precision="4" scale="0" />
        </many-to-one>
        <property name="name" type="string">
            <column name="NAME" length="20" not-null="true" />
        </property>
        <property name="pinyin" type="string">
            <column name="PINYIN" length="20" />
        </property>
        <property name="gender" type="string">
            <column name="GENDER" length="1" not-null="true" />
        </property>
        <property name="birthspace" type="string">
            <column name="BIRTHSPACE" length="20" />
        </property>
        <property name="nation" type="string">
            <column name="NATION" length="20" />
        </property>
        <property name="birthtime" type="string">
            <column name="BIRTHTIME" length="20" />
        </property>
        <property name="title" type="string">
            <column name="TITLE" length="25" />
        </property>
        <property name="cellphone" type="string">
            <column name="CELLPHONE" length="20" />
        </property>
        <property name="wphone" type="string">
            <column name="WPHONE" length="20" />
        </property>
        <property name="fphone" type="string">
            <column name="FPHONE" length="20" />
        </property>
        <property name="email" type="string">
            <column name="EMAIL" length="20" />
        </property>
        <property name="zz" type="string">
            <column name="ZZ" length="1" />
        </property>
        <property name="health" type="string">
            <column name="HEALTH" length="10" />
        </property>
        <property name="profession" type="string">
            <column name="PROFESSION" length="20" />
        </property>
        <property name="xl" type="string">
            <column name="XL" length="10" />
        </property>
        <property name="marry" type="string">
            <column name="MARRY" length="1" />
        </property>
        <property name="sfz" type="string">
            <column name="SFZ" length="18" />
        </property>
        <property name="address" type="string">
            <column name="ADDRESS" length="25" />
        </property>
        <property name="bianhao" type="string">
            <column name="BIANHAO" length="15" unique="true" />
        </property>
        <property name="icon" type="string">
            <column name="ICON" length="200" />
        </property>
        <property name="luruDate" type="date">
            <column name="LURU_DATE" length="7" />
        </property>
        <property name="lastmodifydate" type="date">
            <column name="LASTMODIFYDATE" length="7" />
        </property>
        <property name="luruAdminbianhao" type="string">
            <column name="LURU_ADMINBIANHAO" length="15" />
        </property>
        <property name="status" type="string">
            <column name="STATUS" length="1" />
        </property>
    </class>
</hibernate-mapping>
