<?xml version="1.0"?>
<!DOCTYPE hibernate-mapping PUBLIC "-//Hibernate/Hibernate Mapping DTD 3.0//EN"
"http://hibernate.sourceforge.net/hibernate-mapping-3.0.dtd">
<!-- 
    Mapping file autogenerated by MyEclipse - Hibernate Tools
-->
<hibernate-mapping>
    <class name="com.briup.dao.bean.Jc" table="LY_JC">
        <id name="id" type="long">
            <column name="ID" precision="4" scale="0" />
            <generator class="increment" />
        </id>
        <property name="name" type="string">
            <column name="NAME" length="30" not-null="true" />
        </property>
        <property name="reason" type="string">
       		<column name="REASON" length="50"/>
       	</property> 
       	<property name="member" type="string">
       		<column name="MEMBER" length="50"/>
       	</property>
       	<property name="descr" type="string">
       		<column name="DESCR" length="200"/>
       	</property>
       	<property name="fbdate" type="date">
            <column name="FBDATE" length="7" />
        </property>
        <property name="fbMember" type="string">
        		<column name="FBMEMBER" length="15"/>
        </property>
    </class>
</hibernate-mapping>
