<?xml version="1.0" encoding="UTF-8"?>
<!DOCTYPE hibernate-mapping PUBLIC "-//Hibernate/Hibernate Mapping DTD 3.0//EN" "http://hibernate.sourceforge.net/hibernate-mapping-3.0.dtd" >
<hibernate-mapping>
	<class name="com.briup.dao.bean.Loadfile" table="LY_FILE" >
        <id name="id" type="long">
            <column name="ID" precision="4" scale="0" />
            <generator class="increment" />
        </id>
        <property name="loadfile" type="java.lang.String">
            <column name="LOADFILE" length="50" not-null="true" />
        </property>
    </class>
</hibernate-mapping>
