<?xml version="1.0" encoding="utf-8"?>
<!DOCTYPE hibernate-mapping PUBLIC "-//Hibernate/Hibernate Mapping DTD 3.0//EN"
"http://hibernate.sourceforge.net/hibernate-mapping-3.0.dtd">
<!-- 
    Mapping file autogenerated by MyEclipse Persistence Tools
-->
<hibernate-mapping>
    <class name="com.briup.dao.bean.LyDepartment" table="LY_DEPARTMENT" schema="BRIUP">
        <id name="id" type="short">
            <column name="ID" precision="4" scale="0" />
            <generator class="increment" />
        </id>
        <property name="name" type="string">
            <column name="NAME" length="15" />
        </property>
        <set name="lyEmployees" inverse="true">
            <key>
                <column name="DEPTID" precision="4" scale="0" />
            </key>
            <one-to-many class="com.briup.dao.bean.LyEmployee" />
        </set>
        <set name="lyZws" inverse="true">
            <key>
                <column name="DEPT_ID" precision="4" scale="0" />
            </key>
            <one-to-many class="com.briup.dao.bean.LyZw" />
        </set>
    </class>
</hibernate-mapping>
