<?xml version="1.0" encoding="utf-8"?>
<!DOCTYPE hibernate-mapping PUBLIC "-//Hibernate/Hibernate Mapping DTD 3.0//EN"
"http://hibernate.sourceforge.net/hibernate-mapping-3.0.dtd">
<!-- 
    Mapping file autogenerated by MyEclipse Persistence Tools
-->
<hibernate-mapping>
    <class name="com.briup.dao.bean.LyFile" table="LY_FILE" schema="BRIUP">
        <id name="id" type="short">
            <column name="ID" precision="4" scale="0" />
            <generator class="increment" />
        </id>
        <property name="loadfile" type="string">
            <column name="LOADFILE" length="50" not-null="true" />
        </property>
    </class>
</hibernate-mapping>
