<?xml version="1.0" encoding="utf-8"?>
<!DOCTYPE hibernate-mapping PUBLIC "-//Hibernate/Hibernate Mapping DTD 3.0//EN"
"http://hibernate.sourceforge.net/hibernate-mapping-3.0.dtd">
<!-- 
    Mapping file autogenerated by MyEclipse Persistence Tools
-->
<hibernate-mapping>
    <class name="com.briup.dao.bean.LyJc" table="LY_JC" schema="BRIUP">
        <id name="id" type="short">
            <column name="ID" precision="4" scale="0" />
            <generator class="increment" />
        </id>
        <property name="name" type="string">
            <column name="NAME" length="30" not-null="true" />
        </property>
        <property name="reason" type="string">
            <column name="REASON" length="50" />
        </property>
        <property name="member" type="string">
            <column name="MEMBER" length="50" />
        </property>
        <property name="descr" type="string">
            <column name="DESCR" length="200" />
        </property>
        <property name="fbdate" type="date">
            <column name="FBDATE" length="7" />
        </property>
        <property name="fbmember" type="string">
            <column name="FBMEMBER" length="15" />
        </property>
    </class>
</hibernate-mapping>
