<?xml version="1.0" encoding="utf-8"?>
<!DOCTYPE hibernate-mapping PUBLIC "-//Hibernate/Hibernate Mapping DTD 3.0//EN"
"http://hibernate.sourceforge.net/hibernate-mapping-3.0.dtd">
<!-- 
    Mapping file autogenerated by MyEclipse Persistence Tools
-->
<hibernate-mapping>
    <class name="com.briup.dao.bean.LySalary" table="LY_SALARY" schema="BRIUP">
        <id name="id" type="short">
            <column name="ID" precision="4" scale="0" />
            <generator class="increment" />
        </id>
        <property name="ebianhao" type="string">
            <column name="EBIANHAO" length="15" />
        </property>
        <property name="smonth" type="string">
            <column name="SMONTH" length="8" />
        </property>
        <property name="jsalary" type="integer">
            <column name="JSALARY" precision="6" scale="0" />
        </property>
        <property name="zsalary" type="short">
            <column name="ZSALARY" precision="4" scale="0" />
        </property>
        <property name="esalary" type="short">
            <column name="ESALARY" precision="4" scale="0" />
        </property>
        <property name="ssalary" type="integer">
            <column name="SSALARY" precision="5" scale="0" />
        </property>
        <property name="qsalary" type="short">
            <column name="QSALARY" precision="3" scale="0" />
        </property>
        <property name="fsalary" type="short">
            <column name="FSALARY" precision="3" scale="0" />
        </property>
        <property name="fbdate" type="date">
            <column name="FBDATE" length="7" />
        </property>
    </class>
</hibernate-mapping>
