<?xml version="1.0" encoding="utf-8"?>
<!DOCTYPE hibernate-mapping PUBLIC "-//Hibernate/Hibernate Mapping DTD 3.0//EN"
"http://hibernate.sourceforge.net/hibernate-mapping-3.0.dtd">
<!-- 
    Mapping file autogenerated by MyEclipse Persistence Tools
-->
<hibernate-mapping>
    <class name="com.briup.dao.bean.LyZw" table="LY_ZW" schema="BRIUP">
        <id name="id" type="short">
            <column name="ID" precision="4" scale="0" />
            <generator class="increment" />
        </id>
        <many-to-one name="lyDepartment" class="com.briup.dao.bean.LyDepartment" fetch="select">
            <column name="DEPT_ID" precision="4" scale="0" />
        </many-to-one>
        <property name="name" type="string">
            <column name="NAME" length="20" not-null="true" />
        </property>
        <set name="lyEmployees" inverse="true">
            <key>
                <column name="ZWID" precision="4" scale="0" />
            </key>
            <one-to-many class="com.briup.dao.bean.LyEmployee" />
        </set>
    </class>
</hibernate-mapping>
