<?xml version="1.0"?>
<!DOCTYPE hibernate-mapping PUBLIC "-//Hibernate/Hibernate Mapping DTD 3.0//EN"
"http://hibernate.sourceforge.net/hibernate-mapping-3.0.dtd">
<!-- 
    Mapping file autogenerated by MyEclipse - Hibernate Tools
-->
<hibernate-mapping>
    <class name="com.briup.dao.bean.Member" table="LY_MEMBER">
        <id name="id" type="long">
            <column name="ID" precision="4" scale="0" />
            <generator class="increment" />
        </id>
        <property name="accountno" type="string">
            <column name="ACCOUNTNO" length="15" />
        </property>
        <property name="password" type="string">
            <column name="PASSWORD" length="15" />
        </property>
        <property name="type" type="string">
            <column name="TYPE" length="1" />
        </property>
        <property name="status" type="string">
            <column name="STATUS" length="1" />
        </property>
    </class>
</hibernate-mapping>
