<?xml version="1.0"?>
<!DOCTYPE hibernate-mapping PUBLIC "-//Hibernate/Hibernate Mapping DTD 3.0//EN"
"http://hibernate.sourceforge.net/hibernate-mapping-3.0.dtd">
<!-- 
    Mapping file autogenerated by MyEclipse - Hibernate Tools
-->
<hibernate-mapping>
    <class name="com.briup.dao.bean.Recruit" table="LY_RECRUIT">
        <id name="id" type="long">
            <column name="ID" precision="4" scale="0" />
            <generator class="increment" />
        </id>
        <property name="content" type="string">
            <column name="CONTENT" length="200" not-null="true" />
        </property>
        <property name="fbdate" type="date">
            <column name="FBDATE" length="7" />
        </property>
    </class>
</hibernate-mapping>
