<?xml version="1.0"?>
<!DOCTYPE hibernate-mapping PUBLIC "-//Hibernate/Hibernate Mapping DTD 3.0//EN"
"http://hibernate.sourceforge.net/hibernate-mapping-3.0.dtd">
<!-- 
    Mapping file autogenerated by MyEclipse - Hibernate Tools
-->
<hibernate-mapping>
    <class name="com.briup.dao.bean.Salary" table="ly_salary">
        <id name="id" type="long">
            <column name="id" precision="4" scale="0" />
            <generator class="increment" />
        </id>
         <property name="ebianhao" type="string">
            <column name="ebianhao" length="15" />
        </property>
        <property name="smonth" type="string">
            <column name="smonth" length="8" />
        </property>
        <property name="jsalary" type="long">
            <column name="jsalary" precision="6" />
        </property>
        <property name="zsalary" type="long">
            <column name="zsalary" precision="4" />
        </property>
			  <property name="esalary" type="long">
            <column name="esalary" precision="4" />
        </property>
		<property name="ssalary" type="long">
            <column name="ssalary" precision="5" />
        </property>
        	<property name="qsalary" type="long">
            <column name="qsalary" precision="3"/>
        </property>
        <property name="fsalary" type="long">
            <column name="fsalary" precision="3" />
        </property>
        <property name="fbdate" type="date">
            <column name="fbdate" length="7" />
        </property>
        	
    </class>
</hibernate-mapping>
