<?xml version="1.0"?>
<!DOCTYPE hibernate-mapping PUBLIC "-//Hibernate/Hibernate Mapping DTD 3.0//EN"
"http://hibernate.sourceforge.net/hibernate-mapping-3.0.dtd">
<!-- 
    Mapping file autogenerated by MyEclipse - Hibernate Tools
-->
<hibernate-mapping>
    <class name="com.briup.dao.bean.Train" table="LY_TRAIN">
        <id name="id" type="long">
            <column name="ID" precision="4" scale="0" />
            <generator class="increment" />
        </id>
        <property name="tname" type="string">
            <column name="TNAME" length="30" />
        </property>
        <property name="tgoal" type="string">
            <column name="TGOAL" length="50" />
        </property>
        <property name="tjc" type="string">
            <column name="TJC" length="50" />
        </property>
        <property name="tmember" type="string">
            <column name="TMEMBER" length="50" />
        </property>
        <property name="kdate" type="string">
            <column name="KDATE" length="20" />
        </property>
        <property name="jdate" type="string">
            <column name="JDATE" length="20" />
        </property>
        <property name="tnumber" type="long">
            <column name="TNUMBER" precision="4" scale="0" />
        </property>
        <property name="teacher" type="string">
            <column name="TEACHER" length="20" />
        </property>
        <property name="jibie" type="string">
            <column name="JIBIE" length="10" />
        </property>
        <property name="yx" type="string">
            <column name="YX" length="5" />
        </property>
        <property name="fbdate" type="date">
            <column name="FBDATE" length="7" />
        </property>
    </class>
</hibernate-mapping>
