<?xml version="1.0"?>
<!DOCTYPE hibernate-mapping PUBLIC "-//Hibernate/Hibernate Mapping DTD 3.0//EN"
"http://hibernate.sourceforge.net/hibernate-mapping-3.0.dtd">
<!-- 
    Mapping file autogenerated by MyEclipse - Hibernate Tools
-->
<hibernate-mapping>
    <class name="com.briup.dao.bean.Yp" table="LY_YP">
        <id name="id" type="long">
            <column name="ID" precision="4" scale="0" />
            <generator class="increment" />
        </id>
        <property name="name" type="string">
            <column name="NAME" length="15" not-null="true" />
        </property>
        <property name="gender" type="string">
            <column name="GENDER" length="1" />
        </property>
        <property name="age" type="long">
            <column name="AGE" precision="4" scale="0" />
        </property>
        <property name="zw" type="string">
            <column name="ZW" length="25" />
        </property>
        <property name="zy" type="string">
            <column name="ZY" length="25" />
        </property>
        <property name="jy" type="string">
            <column name="JY" length="15" />
        </property>
        <property name="yx" type="string">
            <column name="YX" length="30" />
        </property>
        <property name="phone" type="string">
            <column name="PHONE" length="20" />
        </property>
        <property name="email" type="string">
            <column name="EMAIL" length="20" />
        </property>
        <property name="jj" type="string">
            <column name="JJ" length="200" />
        </property>
    </class>
</hibernate-mapping>
