<?xml version="1.0"?>
<!DOCTYPE hibernate-mapping PUBLIC "-//Hibernate/Hibernate Mapping DTD 3.0//EN"
"http://hibernate.sourceforge.net/hibernate-mapping-3.0.dtd">
<!-- 
    Mapping file autogenerated by MyEclipse - Hibernate Tools
-->
<hibernate-mapping>
    <class name="com.briup.dao.bean.Zw" table="LY_ZW">
        <id name="id" type="long">
            <column name="ID" precision="4" scale="0" />
            <generator class="increment" />
        </id>
        <many-to-one name="lyDepartment" class="com.briup.dao.bean.Department" fetch="select">
            <column name="DEPT_ID" precision="4" scale="0" />
        </many-to-one>
        <property name="name" type="string">
            <column name="NAME" length="20" not-null="true" />
        </property>
        <one-to-one name="lyEmployee" class="com.briup.dao.bean.Employee"></one-to-one>
    </class>
</hibernate-mapping>
